ID,Title,Location,Salary,Summary
https://kr.indeed.com/viewjob?jk=,,인천 연수구,,
https://kr.indeed.com/viewjob?jk=,,서울 용산구,,
https://kr.indeed.com/viewjob?jk=,,인천 연수구,,
https://kr.indeed.com/viewjob?jk=,,서울,,
https://kr.indeed.com/viewjob?jk=,,서울,,
https://kr.indeed.com/viewjob?jk=,,성남 판교역,,
https://kr.indeed.com/viewjob?jk=,,서울,,
https://kr.indeed.com/viewjob?jk=,,서울,,
https://kr.indeed.com/viewjob?jk=,,성남 분당구,"연봉 40,000,000원 - 100,000,000원",
https://kr.indeed.com/viewjob?jk=,,성남 분당구,"연봉 40,000,000원 - 120,000,000원",
https://kr.indeed.com/viewjob?jk=,,대전,,
https://kr.indeed.com/viewjob?jk=,,서울 마포구,,
https://kr.indeed.com/viewjob?jk=,,성남 분당구,"연봉 40,000,000원 - 120,000,000원",
https://kr.indeed.com/viewjob?jk=,,충청남도,,
https://kr.indeed.com/viewjob?jk=,,서울 강서구,"연봉 30,000,000원 - 100,000,000원",
https://kr.indeed.com/viewjob?jk=,,경기도 성남,,
https://kr.indeed.com/viewjob?jk=,,성남 분당구,"연봉 50,000,000원 - 150,000,000원",
https://kr.indeed.com/viewjob?jk=,,성남 분당구,,
https://kr.indeed.com/viewjob?jk=,,성남 분당구,,
https://kr.indeed.com/viewjob?jk=,,서울,,
https://kr.indeed.com/viewjob?jk=,,성남 분당구,"연봉 50,000,000원 - 150,000,000원",
https://kr.indeed.com/viewjob?jk=,,성남 분당구,"연봉 40,000,000원 - 100,000,000원",
https://kr.indeed.com/viewjob?jk=,,서울 강서구,,
https://kr.indeed.com/viewjob?jk=,,성남 판교역,,
https://kr.indeed.com/viewjob?jk=,,성남 분당구,"연봉 40,000,000원 - 100,000,000원",
https://kr.indeed.com/viewjob?jk=,,서울 서초구,,
https://kr.indeed.com/viewjob?jk=,,성남 분당구,,
https://kr.indeed.com/viewjob?jk=,,서울 강남구,,
https://kr.indeed.com/viewjob?jk=,,경기도 파주,"연봉 32,000,000원 - 40,000,000원",
https://kr.indeed.com/viewjob?jk=,,서울 영등포구,,
https://kr.indeed.com/viewjob?jk=,,서울,,
https://kr.indeed.com/viewjob?jk=,,성남 분당구,"연봉 40,000,000원 - 100,000,000원",
https://kr.indeed.com/viewjob?jk=,,성남 분당구,,
https://kr.indeed.com/viewjob?jk=,,서울 영등포구,,
https://kr.indeed.com/viewjob?jk=,,서울 성동구,"연봉 24,000,000원 - 28,000,000원",
https://kr.indeed.com/viewjob?jk=,,대한민국,,
https://kr.indeed.com/viewjob?jk=,,성남 분당구,,
https://kr.indeed.com/viewjob?jk=,,서울 구로구,,
https://kr.indeed.com/viewjob?jk=,,서울 마포구,,
https://kr.indeed.com/viewjob?jk=,,서울 강남구,,
https://kr.indeed.com/viewjob?jk=,,서울 서초구,,
https://kr.indeed.com/viewjob?jk=,,인천 연수구,,
https://kr.indeed.com/viewjob?jk=,,서울 종로구,,
https://kr.indeed.com/viewjob?jk=,,서울 강서구,,
https://kr.indeed.com/viewjob?jk=,,성남 분당구,"연봉 40,000,000원 - 100,000,000원",
https://kr.indeed.com/viewjob?jk=,,인천,,
https://kr.indeed.com/viewjob?jk=,,서울,,
https://kr.indeed.com/viewjob?jk=,,서울 영등포구,"연봉 26,000,000원 - 28,000,000원",
https://kr.indeed.com/viewjob?jk=,,성남 분당구,,
https://kr.indeed.com/viewjob?jk=,,서울 서초구,,
https://kr.indeed.com/viewjob?jk=192c20f6f0f64ab3,[2022 전문연구요원] AI R&D - Language AI,성남 판교역,,
https://kr.indeed.com/viewjob?jk=0907be3f74a45614,"Associate Software Engineer, gReach Program for People with...",서울,,
https://kr.indeed.com/viewjob?jk=c644297bec5d6c70,Python Developer (Internal Product),서울 강남구,,
https://kr.indeed.com/viewjob?jk=4ae5eb5bb613a826,[클라우드플랫폼실] System Engineering팀 클라우드 엔지니어,서울 강남구,,
https://kr.indeed.com/viewjob?jk=2bbc49345d4c4254,ML Ops 연구원 정규직,인천 서구,,
https://kr.indeed.com/viewjob?jk=30da26ce40cb0da9,[SuperLabs] AI Vision (Deep Learning) 개발자,성남 분당구,,
https://kr.indeed.com/viewjob?jk=303d8c644a5f2e0f,DNN 모델 개발 엔지니어,성남 분당구,,
https://kr.indeed.com/viewjob?jk=9f91ece4e66ef5a9,소프트웨어개발자(정규직) 신입/경력 정규직 병역특례전문요원가능업체,인천 연수구,,
https://kr.indeed.com/viewjob?jk=27df747356b879bb,"웹프로그래머 모집/PHP, Python의 기업정보",인천 갈산동,,
https://kr.indeed.com/viewjob?jk=3fd227ce442a7897,LG이노텍,서울 마곡역,,
https://kr.indeed.com/viewjob?jk=42dc34d846250c97,바른ICT연구소 프로그래머 인턴,서울 신촌역,,
https://kr.indeed.com/viewjob?jk=ac64fda2e281b835,"Software Engineer, People with Disabilities (장애인 채용)",서울,,
https://kr.indeed.com/viewjob?jk=2642a83874ea6bab,"영상처리, 컴퓨터 비전 전문가 (신입/경력)",성남 수정구,,
https://kr.indeed.com/viewjob?jk=e9d6c0d88735bfa3,"Customer Engineer, Data Analytics, Google Cloud",서울,,
https://kr.indeed.com/viewjob?jk=cd528d1460b74069,11번가 데이터 아키텍처 분야,서울 중구,,
https://kr.indeed.com/viewjob?jk=b3a6c83c9debcb92,네이버 파이낸셜 플랫폼 운영,성남 서현동,,
https://kr.indeed.com/viewjob?jk=69633ffd6d6b86a8,Blockchain/NFT/Crypto FDS Server Engineer,성남 분당구,,
https://kr.indeed.com/viewjob?jk=e742db63ad7e269f,프론트엔드 개발자/디자이너/기획/마케터 정직원,성남 수정구,,
https://kr.indeed.com/viewjob?jk=e30fe92d72ceb17c,"자율 주행, 로봇 SW 개발자",성남 수정구,,
https://kr.indeed.com/viewjob?jk=f59b5196913dd512,11번가 검색서비스 개발 분야,서울 중구,,
https://kr.indeed.com/viewjob?jk=14d562d10c215572,"PHP, Python 신입/경력 정규직",서울 금천구,,
https://kr.indeed.com/viewjob?jk=87309d3ff40ead61,딥러닝 AI 개발 연구원,성남 수정구,,
https://kr.indeed.com/viewjob?jk=016de9bb83a8032d,JR0186078 AI Research Engineer Intern,서울,,
https://kr.indeed.com/viewjob?jk=df21e3bb5d773616,Python Programmer,서울 서초구,,
https://kr.indeed.com/viewjob?jk=aba181570a9d0a1c,ESG Engineer,경기도 성남,,
https://kr.indeed.com/viewjob?jk=754be9e3d78fa802,2021년 상반기 R&D 개발자 (병역특례 가능/경력 무관),인천 연수구,,
https://kr.indeed.com/viewjob?jk=e74e58ff070af4c9,Video Encoder Engineer,경기도,,
https://kr.indeed.com/viewjob?jk=3cfd0b7bc44906df,[빅데이터플랫폼] 데이터 엔지니어,성남 분당구,,
https://kr.indeed.com/viewjob?jk=ec153542ee906593,Cloud Engineer,서울,,
https://kr.indeed.com/viewjob?jk=38a26ad31307be21,[위메프] 신규서비스 ML엔지니어,대한민국,,
https://kr.indeed.com/viewjob?jk=a5680079cf9c5a5c,[플레이채팅 유닛(CIC)] 서버 개발자 영입,성남 판교역,,
https://kr.indeed.com/viewjob?jk=1f683f4878eeb7ef,[NHN] PAYCO 빅데이터 인프라 개발,성남 판교역,,
https://kr.indeed.com/viewjob?jk=8c8c96a3ffac77f8,데이터 엔지니어 경력 정규직,서울 중구,,
https://kr.indeed.com/viewjob?jk=60f796a14aea751e,AI Frameworks Engineer,서울,,
https://kr.indeed.com/viewjob?jk=1da68bd009e59907,[TmaxAI/R&D] NLP/음성 부문 AI모델 개발자,성남 분당구,,
https://kr.indeed.com/viewjob?jk=ef61cf260c21d2f0,Technical Trainer - Amazon Web Services,서울,,
https://kr.indeed.com/viewjob?jk=f54bac6c78fd3240,코딩에 빠진 수퍼 개발자 (펌웨어 개발),성남 수정구,,
https://kr.indeed.com/viewjob?jk=e91b5984e7f5d3fd,"데이터베이스개발자, 웹개발 신입/경력 정규직",서울 영등포구,,
https://kr.indeed.com/viewjob?jk=1dac49b3730dbbbe,클라우드(플랫폼 구축/개발/데이터수집연계),서울 마포구,,
https://kr.indeed.com/viewjob?jk=3544467a7b64376f,[전문연구요원] 의료영상 리서치 엔지니어 정규직,서울 마포구,,
https://kr.indeed.com/viewjob?jk=f56b4b9b5fa26dc9,서울대학교 AI연구원 인턴,서울 관악구,,
https://kr.indeed.com/viewjob?jk=35f0a25dee5f3312,딥러닝 알고리즘 및 응용 Engineer,성남 분당구,,
https://kr.indeed.com/viewjob?jk=5db10488c8c78c55,11번가 데이터 엔지니어 분야,서울 중구,,
https://kr.indeed.com/viewjob?jk=7c36d3da24f52789,Machine Learning 엔지니어,성남 분당구,,
https://kr.indeed.com/viewjob?jk=031eec3794f09645,[데이터] 데이터 서비스/플랫폼 개발,성남 판교역,,
https://kr.indeed.com/viewjob?jk=22ffe020e40de675,[포티투마루] 인공지능(AI) 개발자 전 부문,서울 서초구,,
https://kr.indeed.com/viewjob?jk=4b0a952dd42cd85a,HR 데이터레이크 운영자,서울 중구,,
https://kr.indeed.com/viewjob?jk=c2d17e5250562256,"[리얼클래스]백엔드 개발자 (Backend Developer, Python)",서울 강남구,,
https://kr.indeed.com/viewjob?jk=ac9068957c550cb3,데이터 전문가(모델러/분석가/엔지니어) 모집,성남 판교역,,
https://kr.indeed.com/viewjob?jk=e072aa14f5a832cc,[EY한영] 세무본부 PAS 팀 IT 개발 담당 채용,서울 영등포구,,
https://kr.indeed.com/viewjob?jk=,,성남 분당구,,
https://kr.indeed.com/viewjob?jk=,,서울 강남구,"연봉 30,000,000원 - 35,000,000원",
https://kr.indeed.com/viewjob?jk=,,성남 판교역,,
https://kr.indeed.com/viewjob?jk=,,서울,,
https://kr.indeed.com/viewjob?jk=,,성남 판교역,,
https://kr.indeed.com/viewjob?jk=,,서울,,
https://kr.indeed.com/viewjob?jk=,,서울,,
https://kr.indeed.com/viewjob?jk=,,성남 분당구,,
https://kr.indeed.com/viewjob?jk=,,대한민국,,
https://kr.indeed.com/viewjob?jk=,,서울 종로구,,
https://kr.indeed.com/viewjob?jk=,,성남 분당구,"연봉 40,000,000원 - 120,000,000원",
https://kr.indeed.com/viewjob?jk=,,서울,,
https://kr.indeed.com/viewjob?jk=,,대한민국,,
https://kr.indeed.com/viewjob?jk=,,성남 분당구,,
https://kr.indeed.com/viewjob?jk=,,성남 분당구,,
https://kr.indeed.com/viewjob?jk=,,서울 강서구,,
https://kr.indeed.com/viewjob?jk=,,서울 종로구,,
https://kr.indeed.com/viewjob?jk=,,부산 해운대구,"월급 2,000,000원",
https://kr.indeed.com/viewjob?jk=,,성남 수정구,,
https://kr.indeed.com/viewjob?jk=,,경기도 광명,"연봉 42,000,000원 - 46,000,000원",
https://kr.indeed.com/viewjob?jk=,,서울,,
https://kr.indeed.com/viewjob?jk=,,서울 송파구,,
https://kr.indeed.com/viewjob?jk=,,서울,,
https://kr.indeed.com/viewjob?jk=,,성남 분당구,,
https://kr.indeed.com/viewjob?jk=,,성남 분당구,,
https://kr.indeed.com/viewjob?jk=,,성남 백현동,,
https://kr.indeed.com/viewjob?jk=,,성남 분당구,,
https://kr.indeed.com/viewjob?jk=,,성남 분당구,,
https://kr.indeed.com/viewjob?jk=,,경기도 부천,,
https://kr.indeed.com/viewjob?jk=,,성남 분당구,,
https://kr.indeed.com/viewjob?jk=,,성남 중원구,,
https://kr.indeed.com/viewjob?jk=,,서울,,
https://kr.indeed.com/viewjob?jk=,,서울 성동구,"연봉 32,000,000원 - 36,000,000원",
https://kr.indeed.com/viewjob?jk=,,서울,,
https://kr.indeed.com/viewjob?jk=,,서울,,
https://kr.indeed.com/viewjob?jk=,,서울,,
https://kr.indeed.com/viewjob?jk=,,서울특별시,,
https://kr.indeed.com/viewjob?jk=,,성남 판교역,,
https://kr.indeed.com/viewjob?jk=,,서울,,
https://kr.indeed.com/viewjob?jk=,,서울,,
https://kr.indeed.com/viewjob?jk=,,경기도 성남,,
https://kr.indeed.com/viewjob?jk=,,서울 마포구,,
https://kr.indeed.com/viewjob?jk=,,서울,,
https://kr.indeed.com/viewjob?jk=,,서울 영등포구,,
https://kr.indeed.com/viewjob?jk=,,서울,,
https://kr.indeed.com/viewjob?jk=,,성남 판교역,,
https://kr.indeed.com/viewjob?jk=,,서울 금천구,,
https://kr.indeed.com/viewjob?jk=,,서울 중구,,
https://kr.indeed.com/viewjob?jk=,,서울,,
https://kr.indeed.com/viewjob?jk=,,서울 강남구,"연봉 40,000,000원 - 50,000,000원",
https://kr.indeed.com/viewjob?jk=,,서울,,
https://kr.indeed.com/viewjob?jk=,,서울 중구,,
https://kr.indeed.com/viewjob?jk=,,서울,,
https://kr.indeed.com/viewjob?jk=,,서울,,
https://kr.indeed.com/viewjob?jk=,,성남 분당구,"연봉 30,000,000원 - 35,000,000원",
https://kr.indeed.com/viewjob?jk=,,서울,,
https://kr.indeed.com/viewjob?jk=,,대한민국,,
https://kr.indeed.com/viewjob?jk=,,서울 강남구,,
https://kr.indeed.com/viewjob?jk=,,인천 송도동,,
https://kr.indeed.com/viewjob?jk=,,성남 분당구,,
https://kr.indeed.com/viewjob?jk=,,성남 판교역,,
https://kr.indeed.com/viewjob?jk=,,서울,,
https://kr.indeed.com/viewjob?jk=,,성남 분당구,,
https://kr.indeed.com/viewjob?jk=,,서울,,
https://kr.indeed.com/viewjob?jk=,,서울,,
https://kr.indeed.com/viewjob?jk=,,대한민국,,
https://kr.indeed.com/viewjob?jk=,,성남 판교역,,
https://kr.indeed.com/viewjob?jk=,,서울 역삼동,,
https://kr.indeed.com/viewjob?jk=,,경기도 김포,,
https://kr.indeed.com/viewjob?jk=,,서울 강남구,,
https://kr.indeed.com/viewjob?jk=,,충청남도 아산,,
https://kr.indeed.com/viewjob?jk=,,서울 금천구,,
https://kr.indeed.com/viewjob?jk=,,서울 서대문구,"연봉 40,000,000원 - 50,000,000원",
https://kr.indeed.com/viewjob?jk=,,서울 강남구,"연봉 25,000,000원 - 30,000,000원",
https://kr.indeed.com/viewjob?jk=,,서울 을지로2가,,
https://kr.indeed.com/viewjob?jk=,,서울,,
https://kr.indeed.com/viewjob?jk=,,서울 서대문구,"연봉 50,000,000원 - 60,000,000원",
https://kr.indeed.com/viewjob?jk=,,서울 서초구,,
https://kr.indeed.com/viewjob?jk=,,성남 분당구,,
https://kr.indeed.com/viewjob?jk=,,성남 판교역,,
https://kr.indeed.com/viewjob?jk=,,서울 강남구,,
https://kr.indeed.com/viewjob?jk=,,서울,,
https://kr.indeed.com/viewjob?jk=,,서울,,
https://kr.indeed.com/viewjob?jk=,,서울 강남구,,
https://kr.indeed.com/viewjob?jk=,,인천 가좌동,,
https://kr.indeed.com/viewjob?jk=,,서울 중구,,
https://kr.indeed.com/viewjob?jk=,,성남 분당구,,
https://kr.indeed.com/viewjob?jk=,,서울,,
https://kr.indeed.com/viewjob?jk=,,서울,,
https://kr.indeed.com/viewjob?jk=,,성남 판교역,,
https://kr.indeed.com/viewjob?jk=,,서울 금천구,,
https://kr.indeed.com/viewjob?jk=,,성남 분당구,"연봉 30,000,000원 - 35,000,000원",
https://kr.indeed.com/viewjob?jk=,,성남 분당구,,
https://kr.indeed.com/viewjob?jk=,,서울 서초구,"월급 2,200,000원",
https://kr.indeed.com/viewjob?jk=,,경기도 수원,,
https://kr.indeed.com/viewjob?jk=,,대한민국,,
https://kr.indeed.com/viewjob?jk=,,서울 종로구,,
https://kr.indeed.com/viewjob?jk=,,서울,,
https://kr.indeed.com/viewjob?jk=,,성남 분당구,,
https://kr.indeed.com/viewjob?jk=,,서울,,
https://kr.indeed.com/viewjob?jk=a5e926e1d22cdc11,지투알,서울,,
https://kr.indeed.com/viewjob?jk=981f93f33e349c5c,Global Fintech Data Platform Engineer,성남 분당구,,
https://kr.indeed.com/viewjob?jk=872b4eeb985f500e,[빅데이터플랫폼] 데이터 사이언티스트,성남 분당구,,
https://kr.indeed.com/viewjob?jk=8a8332c3931faf97,Cloud Engineer(신입가능),서울 영등포구,"연봉 26,000,000원 - 50,000,000원",
https://kr.indeed.com/viewjob?jk=7a4a03e57d1263a2,기업부설연구소 연구원 경력 정규직,경기도 부천,,
https://kr.indeed.com/viewjob?jk=78fe01bd3c796ae4,[취업연계교육] 시스템반도체 Firmware/AI응용 설계 전문,성남 분당구,,
https://kr.indeed.com/viewjob?jk=1c9eccc4664e54fc,[Robotics] soteware Engineer - 실내외 배송 로봇 소프트웨어 엔지니어,성남 판교동,"연봉 30,000,000원 - 52,000,000원",
https://kr.indeed.com/viewjob?jk=a3cadc7e043627cf,AI 분야 경력직,서울 종로구,,
https://kr.indeed.com/viewjob?jk=09c05570c6ac199a,"Technical Solutions Engineer, Google Cloud Platform",서울,,
https://kr.indeed.com/viewjob?jk=fb7b2c22625322d8,[체험형 인턴] 한국 웹툰/시리즈 Growth,서울,,
https://kr.indeed.com/viewjob?jk=8d43cb4ea87ff50c,[하나금융융합기술원] Computer Vision 경력사원 모집,인천 청라동,,
https://kr.indeed.com/viewjob?jk=e36b281df2933890,[위메프서비스] E-Commerce 데이터엔지니어/NLP개발자,대한민국,,
https://kr.indeed.com/viewjob?jk=872035f47cfd4850,자산운용팀 전략/리스크팀 퀀트(겨울방학 인턴),대한민국,,
https://kr.indeed.com/viewjob?jk=c896322092980fcd,Business Consultant - Technology,서울,,
https://kr.indeed.com/viewjob?jk=30efbccfeab359c5,AI트레이딩팀 개발자(신입/경력),대한민국,,
https://kr.indeed.com/viewjob?jk=6b9598f76c768253,Test Engr II,서울,,
https://kr.indeed.com/viewjob?jk=9f6e0c2b3a731b0f,Software Engineer for Deep Learning Enablement,서울,,
https://kr.indeed.com/viewjob?jk=4160638720bff1f0,IT 채용,서울 여의도,,
https://kr.indeed.com/viewjob?jk=0e27c7fc87609143,"Software Engineer, Robotics",서울,,
https://kr.indeed.com/viewjob?jk=f0c7c08485085240,[마비노기모바일] 연구 개발 프로그래머,서울 강남구,,
https://kr.indeed.com/viewjob?jk=fa438dfcb62b9d7b,"[TmaxGruop/기술] 티맥스인공지능개발센터 광주법인 음성, 비전 AI 모델 개발자",대한민국,,
https://kr.indeed.com/viewjob?jk=a0dda478567db352,"(주)트윔 개발자(경력직) 빅데이터,영상처리,머신비전/AI 딥러닝",경기도 화성,,
https://kr.indeed.com/viewjob?jk=49b7aea70f9180d8,[동국시스템즈] 빅데이터 솔루션개발자 (신입/경력),서울 중구,,
https://kr.indeed.com/viewjob?jk=4a3c096c3da9117c,Datacenter Engineer (chuncheon),서울,,
https://kr.indeed.com/viewjob?jk=2131b574361031c5,[리니지2] MMORPG 서버 프로그래머 모집,성남 판교역,,
https://kr.indeed.com/viewjob?jk=66b192eca99fa208,인공지능분야 개발연구원,서울 마포구,,
https://kr.indeed.com/viewjob?jk=55e2f1523d6bd078,[TOAST CAM] AI 개발,성남 판교역,,
https://kr.indeed.com/viewjob?jk=752a4b5d63eac97c,Sr. Back-end Engineer (Python),서울 강남구,,
https://kr.indeed.com/viewjob?jk=aae434e3a956bec1,Machine Learning Specialist - FAE,서울,,
https://kr.indeed.com/viewjob?jk=56336e1593f93f5c,협업도구 및 코드관리도구 운영담당자 영입,성남 분당구,,
https://kr.indeed.com/viewjob?jk=3e22ebd914a4f81a,AI Agent 서비스 Backend 게임 플랫폼 개발자,서울 종로구,,
https://kr.indeed.com/viewjob?jk=69a55b188519aad6,제어엔지니어(신입/전문연구요원),서울 강남구,,
https://kr.indeed.com/viewjob?jk=278bb7d4eaa7ffd5,System SW Developer of iPECS Cloud,서울,,
https://kr.indeed.com/viewjob?jk=2615573761265171,[전문연구요원] Software Engineer,경기도 용인,,
https://kr.indeed.com/viewjob?jk=d4c94aa1d7e84908,금융 데이터 분석 및 모델 개발,대한민국,,
https://kr.indeed.com/viewjob?jk=1d0e51e2e431995b,[농심ENG] 신입/경력사원 정기채용,서울 신대방동,,
https://kr.indeed.com/viewjob?jk=ed36d1b7e83524b4,[수시 ] 개발 부문별 경력자,성남 분당구,,
https://kr.indeed.com/viewjob?jk=aacec5dcf8689c28,Metaverse 서비스 Graphics 개발자,서울 중구,,
https://kr.indeed.com/viewjob?jk=bcba0b2f668368ab,[아이티노매즈] S/W 개발자 등 각 부문,서울 구로구,,
https://kr.indeed.com/viewjob?jk=ceb8243bc8ae3c35,[데이터 플랫폼]서비스 데이터 엔지니어(전문연구요원 가능),서울,,
https://kr.indeed.com/viewjob?jk=8fa17c6073918c5b,하둡 플랫폼 서비스 개발자 모집,성남 판교역,,
https://kr.indeed.com/viewjob?jk=cb32779fd73ae72e,"백엔드개발자, 모바일앱개발, 블록체인 개발 외 경력 정규직",서울 용산구,,
https://kr.indeed.com/viewjob?jk=298c41af7805baaf,"백엔드개발자, 모바일앱개발, 블록체인개발자 경력 정규직",서울 용산구,,
https://kr.indeed.com/viewjob?jk=f28f4b931feadb85,소프트웨어 개발 경력,성남 수정구,"연봉 35,000,000원 - 40,000,000원",
https://kr.indeed.com/viewjob?jk=2f3bdc82e6847a4f,서버 개발자 Python(Django) Developer (경력),서울 마포구,,
https://kr.indeed.com/viewjob?jk=269f9a96319ef19a,머신러닝 엔지니어 모집,성남 판교역,,
https://kr.indeed.com/viewjob?jk=baed5f64fc0d66b2,데이터 분석 담당자 (경력),서울 강남구,,
https://kr.indeed.com/viewjob?jk=d823a23999148503,[원익아이피에스] 상반기 대졸 공채,성남 삼평동,,
https://kr.indeed.com/viewjob?jk=d24c859a399ee56e,"JAVA, Python, R, C, C++ 외 신입/경력 개발자 정규직",서울 강남구,,
https://kr.indeed.com/viewjob?jk=ece96271e4ea0e28,AI Edge Device 임베디드 소프트웨어 개발자,성남 분당구,,
https://kr.indeed.com/viewjob?jk=14d5f070330861c8,[제약] 신약 분자설계 연구(선임/책임),성남 분당구,,
https://kr.indeed.com/viewjob?jk=6a227ef6c548e7cb,퀀트운용본부 운용역(경력직) (연장),대한민국,,
https://kr.indeed.com/viewjob?jk=f70508d3d422add5,2022 비플라이소프트 인재,서울 광진구,,
https://kr.indeed.com/viewjob?jk=dc7d762fde27ebce,데이터 분석 및 지표 설계,경기도 성남,,
https://kr.indeed.com/viewjob?jk=1961a1ecccb03336,[NIT Service] 네이버 파이낸셜 플랫폼 운영,성남 분당구,,
https://kr.indeed.com/viewjob?jk=faafa09d354f88a8,[NAVER Cloud] MongoDB 데이터베이스 엔지니어 (DBA),성남 분당구,,
https://kr.indeed.com/viewjob?jk=3415a2ec10f41d98,[램플코딩학원] 온오프라인 코딩 강사,대전 서구,,
https://kr.indeed.com/viewjob?jk=c7cedc2631759cd2,"Quant. 전략개발팀, 자산운용팀 정규직",대한민국,,
https://kr.indeed.com/viewjob?jk=f5825648850b8fed,[Engineering Div.] 인프라보안 / CERT Engineer (10년 이상),서울 강남구,,
https://kr.indeed.com/viewjob?jk=436bc3264cfed041,[NAVER Cloud] Video Conference 서비스 개발,성남 분당구,,
https://kr.indeed.com/viewjob?jk=40c35ece7cb68456,식품그룹 빅데이터 활용 분석. AI전문가 대리과장급...,서울특별시,,
https://kr.indeed.com/viewjob?jk=10868192eb668501,시스템 개발/운영 경력사원,서울 중구,,
https://kr.indeed.com/viewjob?jk=c5a2d1029018e4ba,Expat: Experimental Physicist Tuning and Monitoring,경기도 화성,,
https://kr.indeed.com/viewjob?jk=229eb9cfd32480ed,A.I.개발자,서울 송파구,,
https://kr.indeed.com/viewjob?jk=66a1ad021449e5de,[Medical Devices] Customer Solutions Engineer,서울,,
https://kr.indeed.com/viewjob?jk=4b15e106bed37225,[TmaxFinTech/R&D] AI & FinTech 프론트엔드 개발자,성남 분당구,,
https://kr.indeed.com/viewjob?jk=34ac892d1e152367,11번가 Machine Learning 및 검색랭킹 개발 분야,서울 중구,,
https://kr.indeed.com/viewjob?jk=c0aca15a87104a54,의료영상 AI진단 솔루션 및 플랫폼 개발,김포 장기동,,
https://kr.indeed.com/viewjob?jk=bd7907d1248e436d,[AI/LAB] 머신러닝 리서치 엔지니어 (전문연구요원 가능),서울,,
https://kr.indeed.com/viewjob?jk=4853745f0813c328,[무료교육/취업지원]에너지 빅데이터 전문가 취업과정(서울시 뉴딜),서울 구로구,,
https://kr.indeed.com/viewjob?jk=2f209edc482fdad4,"Senior System Software Engineer, DRIVE OS and BSP",서울,,
https://kr.indeed.com/viewjob?jk=c9c00cea70ae8711,백엔드 플랫폼 개발 유지보수,경기도 성남,,
https://kr.indeed.com/viewjob?jk=19beeb5c7f50c5b4,데이터 사이언티스트,서울,,
https://kr.indeed.com/viewjob?jk=0870eb3d53935698,Software Engineer (소프트웨어 개발자),경기도 성남,,
https://kr.indeed.com/viewjob?jk=60897e7668c2f24c,LINE Desktop Client 개발,대한민국,,
https://kr.indeed.com/viewjob?jk=f68b938bb8f59da8,[2022인턴] Data Analytics,성남 판교역,,
https://kr.indeed.com/viewjob?jk=9763c057859a3bb8,클라우드 오퍼레이션 엔지니어,성남 판교역,,
https://kr.indeed.com/viewjob?jk=dec26ddcda708e33,System Software Customer Engineering For Small Cell In Korea,서울,,
https://kr.indeed.com/viewjob?jk=bfe0f5ac4f32ec89,추천 통계분석/데이터사이언티스트 모집,성남 판교역,,
https://kr.indeed.com/viewjob?jk=d193999bb6d038d4,Analog Design Engineer,서울,,
https://kr.indeed.com/viewjob?jk=53de1cfd4e334982,"Technical Solutions Engineer, Wear OS",서울,,
https://kr.indeed.com/viewjob?jk=de3ba485f112579b,컴파일러 엔지니어,성남 분당구,,
https://kr.indeed.com/viewjob?jk=e0e37aaebc73dde3,대용량 데이터 엔지니어링,경기도 성남,,
https://kr.indeed.com/viewjob?jk=6677f85e8e3a4101,Software Development Engineer - Security,서울,,
https://kr.indeed.com/viewjob?jk=72c3de496b865cfb,Solana Dapp Developer,서울,,
https://kr.indeed.com/viewjob?jk=380f5c701447014a,AI연구원 연구원,서울 관악구,,
https://kr.indeed.com/viewjob?jk=b02ac4c4261e0dd7,"Technical Solutions Manager, gTech Customer Experience",서울,,
https://kr.indeed.com/viewjob?jk=ffeca6a962d2f8fa,Software Engineer (소프트웨어 개발자),경기도 성남,,
https://kr.indeed.com/viewjob?jk=f8638f3b69d8623e,규제/리스크/회계 시스템 담당자,서울 중학동,,
https://kr.indeed.com/viewjob?jk=bb964ceb2f0fbab5,[2022인턴] Programming - 게임 개발 (신규 IP 부문),성남 판교역,,
https://kr.indeed.com/viewjob?jk=a82e3922c29d3373,관리직 경력사원 공개채용,서울 여의도,,
https://kr.indeed.com/viewjob?jk=514f45f8976347ae,Camera Sw Engineer,경기도,,
https://kr.indeed.com/viewjob?jk=460de6c007c3d672,Vocational Training Program Intern (Architect Role)-2023/202...,서울,,
https://kr.indeed.com/viewjob?jk=1060e58bd6e158e0,"Sr. AI/ML Consultant(Data Scientist), Professional Services",서울,,
https://kr.indeed.com/viewjob?jk=8da5c72baf146123,Site Engineer (Seoul),서울,,
https://kr.indeed.com/viewjob?jk=1b45b1c652ebea48,"Software Engineer, People with Disabilities (장애인 )",서울 강남구,,
https://kr.indeed.com/viewjob?jk=d82a21ddecfec691,LG유플러스,서울특별시,,
https://kr.indeed.com/viewjob?jk=819d2b6c6e27a332,[KREAM] Server 개발자,성남 분당구,,
https://kr.indeed.com/viewjob?jk=eab9162310d691f8,추천/ML SaaS 플랫폼 개발을 위한 MLOps 엔지니어,성남 판교역,,
https://kr.indeed.com/viewjob?jk=4e27dd1eb77d8bc5,Business Analyst_데이터 분석업무_엔터및 음악 분야 산업,서울,,
